id,filing_date,filing_type,filing_json,payment_id,transaction_id,business_id,submitter_id,status,payment_completion_date,paper_only,completion_date,effective_date,source,parent_filing_id,payment_status_code,temp_reg,payment_account
101907,2020-09-01 22:52:43.68525+00,lear_epoch,"{""filing"": {""header"": {""name"": ""lear_epoch""}, ""business"": {""legalName"": ""MEADOW WALK HOUSING CO-OPERATIVE"", ""legalType"": ""CP"", ""identifier"": ""CP0001538"", ""foundingDate"": ""1986-10-31T00:00:00+00:00"", ""lastModified"": ""2020-09-01T22:52:42.108089"", ""hasRestrictions"": null, ""lastAnnualReport"": ""2019-01-31"", ""nextAnnualReport"": ""2020-01-31T00:00:00"", ""lastLedgerTimestamp"": ""2019-02-08T00:00:00+00:00"", ""lastAnnualGeneralMeetingDate"": ""2019-01-31""}}}",,128832,3333,,EPOCH,,f,,2020-09-01 22:52:43.685256+00,COLIN,,,,
101908,1986-10-31 00:00:00+00,incorporationApplication,"{""filing"": {""header"": {""date"": ""1986-10-31"", ""name"": ""incorporationApplication"", ""colinIds"": [101989742], ""historic"": true, ""effectiveDate"": ""1986-10-31"", ""availableOnPaperOnly"": true}, ""business"": {""status"": ""Active"", ""corpState"": ""ACT"", ""legalName"": ""MEADOW WALK HOUSING CO-OPERATIVE"", ""legalType"": ""CP"", ""identifier"": ""CP0001538"", ""lastArDate"": ""2019-01-31"", ""lastAgmDate"": ""2019-01-31"", ""foundingDate"": ""1986-10-31T00:00:00-00:00"", ""jurisdiction"": ""BC"", ""businessNumber"": null, ""lastLedgerTimestamp"": ""2019-02-08T00:00:00-00:00""}, ""incorporationApplication"": {""annualReportDate"": null, ""annualGeneralMeetingDate"": null}}}",,128833,3333,122,COMPLETED,,t,,1986-10-31 00:00:00+00,COLIN,,,,
101909,1992-03-04 00:00:00+00,specialResolution,"{""filing"": {""header"": {""date"": ""1992-03-04"", ""name"": ""specialResolution"", ""colinIds"": [102015517], ""historic"": true, ""effectiveDate"": ""1992-03-04"", ""availableOnPaperOnly"": true}, ""business"": {""status"": ""Active"", ""corpState"": ""ACT"", ""legalName"": ""MEADOW WALK HOUSING CO-OPERATIVE"", ""legalType"": ""CP"", ""identifier"": ""CP0001538"", ""lastArDate"": ""2019-01-31"", ""lastAgmDate"": ""2019-01-31"", ""foundingDate"": ""1986-10-31T00:00:00-00:00"", ""jurisdiction"": ""BC"", ""businessNumber"": null, ""lastLedgerTimestamp"": ""2019-02-08T00:00:00-00:00""}, ""specialResolution"": {""annualReportDate"": null, ""annualGeneralMeetingDate"": null}}}",,128834,3333,122,COMPLETED,,t,,1992-03-04 00:00:00+00,COLIN,,,,
101910,1992-04-07 00:00:00+00,annualReport,"{""filing"": {""header"": {""date"": ""1992-04-07"", ""name"": ""annualReport"", ""colinIds"": [102015514], ""historic"": true, ""effectiveDate"": ""1992-04-07"", ""availableOnPaperOnly"": true}, ""business"": {""status"": ""Active"", ""corpState"": ""ACT"", ""legalName"": ""MEADOW WALK HOUSING CO-OPERATIVE"", ""legalType"": ""CP"", ""identifier"": ""CP0001538"", ""lastArDate"": ""2019-01-31"", ""lastAgmDate"": ""2019-01-31"", ""foundingDate"": ""1986-10-31T00:00:00-00:00"", ""jurisdiction"": ""BC"", ""businessNumber"": null, ""lastLedgerTimestamp"": ""2019-02-08T00:00:00-00:00""}, ""annualReport"": {""annualReportDate"": ""1991-01-15"", ""annualGeneralMeetingDate"": null}}}",,128835,3333,122,COMPLETED,,t,,1992-04-07 00:00:00+00,COLIN,,,,
101911,1992-04-07 00:00:00+00,annualReport,"{""filing"": {""header"": {""date"": ""1992-04-07"", ""name"": ""annualReport"", ""colinIds"": [102015515], ""historic"": true, ""effectiveDate"": ""1992-04-07"", ""availableOnPaperOnly"": true}, ""business"": {""status"": ""Active"", ""corpState"": ""ACT"", ""legalName"": ""MEADOW WALK HOUSING CO-OPERATIVE"", ""legalType"": ""CP"", ""identifier"": ""CP0001538"", ""lastArDate"": ""2019-01-31"", ""lastAgmDate"": ""2019-01-31"", ""foundingDate"": ""1986-10-31T00:00:00-00:00"", ""jurisdiction"": ""BC"", ""businessNumber"": null, ""lastLedgerTimestamp"": ""2019-02-08T00:00:00-00:00""}, ""annualReport"": {""annualReportDate"": ""1992-01-29"", ""annualGeneralMeetingDate"": null}}}",,128836,3333,122,COMPLETED,,t,,1992-04-07 00:00:00+00,COLIN,,,,
101912,1992-04-07 00:00:00+00,specialResolution,"{""filing"": {""header"": {""date"": ""1992-04-07"", ""name"": ""specialResolution"", ""colinIds"": [102015516], ""historic"": true, ""effectiveDate"": ""1992-04-07"", ""availableOnPaperOnly"": true}, ""business"": {""status"": ""Active"", ""corpState"": ""ACT"", ""legalName"": ""MEADOW WALK HOUSING CO-OPERATIVE"", ""legalType"": ""CP"", ""identifier"": ""CP0001538"", ""lastArDate"": ""2019-01-31"", ""lastAgmDate"": ""2019-01-31"", ""foundingDate"": ""1986-10-31T00:00:00-00:00"", ""jurisdiction"": ""BC"", ""businessNumber"": null, ""lastLedgerTimestamp"": ""2019-02-08T00:00:00-00:00""}, ""specialResolution"": {""annualReportDate"": null, ""annualGeneralMeetingDate"": null}}}",,128837,3333,122,COMPLETED,,t,,1992-04-07 00:00:00+00,COLIN,,,,
101913,1993-03-19 00:00:00+00,changeOfDirectors,"{""filing"": {""header"": {""date"": ""1993-03-19"", ""name"": ""changeOfDirectors"", ""colinIds"": [102015518], ""historic"": true, ""effectiveDate"": ""1993-03-19"", ""availableOnPaperOnly"": true}, ""business"": {""status"": ""Active"", ""corpState"": ""ACT"", ""legalName"": ""MEADOW WALK HOUSING CO-OPERATIVE"", ""legalType"": ""CP"", ""identifier"": ""CP0001538"", ""lastArDate"": ""2019-01-31"", ""lastAgmDate"": ""2019-01-31"", ""foundingDate"": ""1986-10-31T00:00:00-00:00"", ""jurisdiction"": ""BC"", ""businessNumber"": null, ""lastLedgerTimestamp"": ""2019-02-08T00:00:00-00:00""}, ""changeOfDirectors"": {""annualReportDate"": null, ""annualGeneralMeetingDate"": null}}}",,128838,3333,122,COMPLETED,,t,,1993-03-19 00:00:00+00,COLIN,,,,
101914,1993-03-19 00:00:00+00,annualReport,"{""filing"": {""header"": {""date"": ""1993-03-19"", ""name"": ""annualReport"", ""colinIds"": [102015519], ""historic"": true, ""effectiveDate"": ""1993-03-19"", ""availableOnPaperOnly"": true}, ""business"": {""status"": ""Active"", ""corpState"": ""ACT"", ""legalName"": ""MEADOW WALK HOUSING CO-OPERATIVE"", ""legalType"": ""CP"", ""identifier"": ""CP0001538"", ""lastArDate"": ""2019-01-31"", ""lastAgmDate"": ""2019-01-31"", ""foundingDate"": ""1986-10-31T00:00:00-00:00"", ""jurisdiction"": ""BC"", ""businessNumber"": null, ""lastLedgerTimestamp"": ""2019-02-08T00:00:00-00:00""}, ""annualReport"": {""annualReportDate"": ""1993-02-10"", ""annualGeneralMeetingDate"": null}}}",,128839,3333,122,COMPLETED,,t,,1993-03-19 00:00:00+00,COLIN,,,,
101915,1993-08-27 00:00:00+00,changeOfDirectors,"{""filing"": {""header"": {""date"": ""1993-08-27"", ""name"": ""changeOfDirectors"", ""colinIds"": [102015520], ""historic"": true, ""effectiveDate"": ""1993-08-27"", ""availableOnPaperOnly"": true}, ""business"": {""status"": ""Active"", ""corpState"": ""ACT"", ""legalName"": ""MEADOW WALK HOUSING CO-OPERATIVE"", ""legalType"": ""CP"", ""identifier"": ""CP0001538"", ""lastArDate"": ""2019-01-31"", ""lastAgmDate"": ""2019-01-31"", ""foundingDate"": ""1986-10-31T00:00:00-00:00"", ""jurisdiction"": ""BC"", ""businessNumber"": null, ""lastLedgerTimestamp"": ""2019-02-08T00:00:00-00:00""}, ""changeOfDirectors"": {""annualReportDate"": null, ""annualGeneralMeetingDate"": null}}}",,128840,3333,122,COMPLETED,,t,,1993-08-27 00:00:00+00,COLIN,,,,
101916,1994-04-05 00:00:00+00,annualReport,"{""filing"": {""header"": {""date"": ""1994-04-05"", ""name"": ""annualReport"", ""colinIds"": [102015521], ""historic"": true, ""effectiveDate"": ""1994-04-05"", ""availableOnPaperOnly"": true}, ""business"": {""status"": ""Active"", ""corpState"": ""ACT"", ""legalName"": ""MEADOW WALK HOUSING CO-OPERATIVE"", ""legalType"": ""CP"", ""identifier"": ""CP0001538"", ""lastArDate"": ""2019-01-31"", ""lastAgmDate"": ""2019-01-31"", ""foundingDate"": ""1986-10-31T00:00:00-00:00"", ""jurisdiction"": ""BC"", ""businessNumber"": null, ""lastLedgerTimestamp"": ""2019-02-08T00:00:00-00:00""}, ""annualReport"": {""annualReportDate"": ""1994-01-26"", ""annualGeneralMeetingDate"": null}}}",,128841,3333,122,COMPLETED,,t,,1994-04-05 00:00:00+00,COLIN,,,,
101917,1994-04-05 00:00:00+00,changeOfDirectors,"{""filing"": {""header"": {""date"": ""1994-04-05"", ""name"": ""changeOfDirectors"", ""colinIds"": [102015522], ""historic"": true, ""effectiveDate"": ""1994-04-05"", ""availableOnPaperOnly"": true}, ""business"": {""status"": ""Active"", ""corpState"": ""ACT"", ""legalName"": ""MEADOW WALK HOUSING CO-OPERATIVE"", ""legalType"": ""CP"", ""identifier"": ""CP0001538"", ""lastArDate"": ""2019-01-31"", ""lastAgmDate"": ""2019-01-31"", ""foundingDate"": ""1986-10-31T00:00:00-00:00"", ""jurisdiction"": ""BC"", ""businessNumber"": null, ""lastLedgerTimestamp"": ""2019-02-08T00:00:00-00:00""}, ""changeOfDirectors"": {""annualReportDate"": null, ""annualGeneralMeetingDate"": null}}}",,128842,3333,122,COMPLETED,,t,,1994-04-05 00:00:00+00,COLIN,,,,
101918,1994-09-28 00:00:00+00,changeOfDirectors,"{""filing"": {""header"": {""date"": ""1994-09-28"", ""name"": ""changeOfDirectors"", ""colinIds"": [102015523], ""historic"": true, ""effectiveDate"": ""1994-09-28"", ""availableOnPaperOnly"": true}, ""business"": {""status"": ""Active"", ""corpState"": ""ACT"", ""legalName"": ""MEADOW WALK HOUSING CO-OPERATIVE"", ""legalType"": ""CP"", ""identifier"": ""CP0001538"", ""lastArDate"": ""2019-01-31"", ""lastAgmDate"": ""2019-01-31"", ""foundingDate"": ""1986-10-31T00:00:00-00:00"", ""jurisdiction"": ""BC"", ""businessNumber"": null, ""lastLedgerTimestamp"": ""2019-02-08T00:00:00-00:00""}, ""changeOfDirectors"": {""annualReportDate"": null, ""annualGeneralMeetingDate"": null}}}",,128843,3333,122,COMPLETED,,t,,1994-09-28 00:00:00+00,COLIN,,,,
101919,1995-02-20 00:00:00+00,changeOfDirectors,"{""filing"": {""header"": {""date"": ""1995-02-20"", ""name"": ""changeOfDirectors"", ""colinIds"": [102015524], ""historic"": true, ""effectiveDate"": ""1995-02-20"", ""availableOnPaperOnly"": true}, ""business"": {""status"": ""Active"", ""corpState"": ""ACT"", ""legalName"": ""MEADOW WALK HOUSING CO-OPERATIVE"", ""legalType"": ""CP"", ""identifier"": ""CP0001538"", ""lastArDate"": ""2019-01-31"", ""lastAgmDate"": ""2019-01-31"", ""foundingDate"": ""1986-10-31T00:00:00-00:00"", ""jurisdiction"": ""BC"", ""businessNumber"": null, ""lastLedgerTimestamp"": ""2019-02-08T00:00:00-00:00""}, ""changeOfDirectors"": {""annualReportDate"": null, ""annualGeneralMeetingDate"": null}}}",,128844,3333,122,COMPLETED,,t,,1995-02-20 00:00:00+00,COLIN,,,,
101920,1995-02-20 00:00:00+00,annualReport,"{""filing"": {""header"": {""date"": ""1995-02-20"", ""name"": ""annualReport"", ""colinIds"": [102015525], ""historic"": true, ""effectiveDate"": ""1995-02-20"", ""availableOnPaperOnly"": true}, ""business"": {""status"": ""Active"", ""corpState"": ""ACT"", ""legalName"": ""MEADOW WALK HOUSING CO-OPERATIVE"", ""legalType"": ""CP"", ""identifier"": ""CP0001538"", ""lastArDate"": ""2019-01-31"", ""lastAgmDate"": ""2019-01-31"", ""foundingDate"": ""1986-10-31T00:00:00-00:00"", ""jurisdiction"": ""BC"", ""businessNumber"": null, ""lastLedgerTimestamp"": ""2019-02-08T00:00:00-00:00""}, ""annualReport"": {""annualReportDate"": ""1995-01-24"", ""annualGeneralMeetingDate"": null}}}",,128845,3333,122,COMPLETED,,t,,1995-02-20 00:00:00+00,COLIN,,,,
101921,1995-07-21 00:00:00+00,specialResolution,"{""filing"": {""header"": {""date"": ""1995-07-21"", ""name"": ""specialResolution"", ""colinIds"": [102015526], ""historic"": true, ""effectiveDate"": ""1995-07-21"", ""availableOnPaperOnly"": true}, ""business"": {""status"": ""Active"", ""corpState"": ""ACT"", ""legalName"": ""MEADOW WALK HOUSING CO-OPERATIVE"", ""legalType"": ""CP"", ""identifier"": ""CP0001538"", ""lastArDate"": ""2019-01-31"", ""lastAgmDate"": ""2019-01-31"", ""foundingDate"": ""1986-10-31T00:00:00-00:00"", ""jurisdiction"": ""BC"", ""businessNumber"": null, ""lastLedgerTimestamp"": ""2019-02-08T00:00:00-00:00""}, ""specialResolution"": {""annualReportDate"": null, ""annualGeneralMeetingDate"": null}}}",,128846,3333,122,COMPLETED,,t,,1995-07-21 00:00:00+00,COLIN,,,,
101922,1996-02-28 00:00:00+00,changeOfDirectors,"{""filing"": {""header"": {""date"": ""1996-02-28"", ""name"": ""changeOfDirectors"", ""colinIds"": [102015527], ""historic"": true, ""effectiveDate"": ""1996-02-28"", ""availableOnPaperOnly"": true}, ""business"": {""status"": ""Active"", ""corpState"": ""ACT"", ""legalName"": ""MEADOW WALK HOUSING CO-OPERATIVE"", ""legalType"": ""CP"", ""identifier"": ""CP0001538"", ""lastArDate"": ""2019-01-31"", ""lastAgmDate"": ""2019-01-31"", ""foundingDate"": ""1986-10-31T00:00:00-00:00"", ""jurisdiction"": ""BC"", ""businessNumber"": null, ""lastLedgerTimestamp"": ""2019-02-08T00:00:00-00:00""}, ""changeOfDirectors"": {""annualReportDate"": null, ""annualGeneralMeetingDate"": null}}}",,128847,3333,122,COMPLETED,,t,,1996-02-28 00:00:00+00,COLIN,,,,
101923,1996-02-28 00:00:00+00,annualReport,"{""filing"": {""header"": {""date"": ""1996-02-28"", ""name"": ""annualReport"", ""colinIds"": [102015528], ""historic"": true, ""effectiveDate"": ""1996-02-28"", ""availableOnPaperOnly"": true}, ""business"": {""status"": ""Active"", ""corpState"": ""ACT"", ""legalName"": ""MEADOW WALK HOUSING CO-OPERATIVE"", ""legalType"": ""CP"", ""identifier"": ""CP0001538"", ""lastArDate"": ""2019-01-31"", ""lastAgmDate"": ""2019-01-31"", ""foundingDate"": ""1986-10-31T00:00:00-00:00"", ""jurisdiction"": ""BC"", ""businessNumber"": null, ""lastLedgerTimestamp"": ""2019-02-08T00:00:00-00:00""}, ""annualReport"": {""annualReportDate"": ""1996-01-25"", ""annualGeneralMeetingDate"": null}}}",,128848,3333,122,COMPLETED,,t,,1996-02-28 00:00:00+00,COLIN,,,,
101924,1997-03-18 00:00:00+00,annualReport,"{""filing"": {""header"": {""date"": ""1997-03-18"", ""name"": ""annualReport"", ""colinIds"": [102015529], ""historic"": true, ""effectiveDate"": ""1997-03-18"", ""availableOnPaperOnly"": true}, ""business"": {""status"": ""Active"", ""corpState"": ""ACT"", ""legalName"": ""MEADOW WALK HOUSING CO-OPERATIVE"", ""legalType"": ""CP"", ""identifier"": ""CP0001538"", ""lastArDate"": ""2019-01-31"", ""lastAgmDate"": ""2019-01-31"", ""foundingDate"": ""1986-10-31T00:00:00-00:00"", ""jurisdiction"": ""BC"", ""businessNumber"": null, ""lastLedgerTimestamp"": ""2019-02-08T00:00:00-00:00""}, ""annualReport"": {""annualReportDate"": ""1997-01-22"", ""annualGeneralMeetingDate"": null}}}",,128849,3333,122,COMPLETED,,t,,1997-03-18 00:00:00+00,COLIN,,,,
101925,1997-03-18 00:00:00+00,changeOfDirectors,"{""filing"": {""header"": {""date"": ""1997-03-18"", ""name"": ""changeOfDirectors"", ""colinIds"": [102015530], ""historic"": true, ""effectiveDate"": ""1997-03-18"", ""availableOnPaperOnly"": true}, ""business"": {""status"": ""Active"", ""corpState"": ""ACT"", ""legalName"": ""MEADOW WALK HOUSING CO-OPERATIVE"", ""legalType"": ""CP"", ""identifier"": ""CP0001538"", ""lastArDate"": ""2019-01-31"", ""lastAgmDate"": ""2019-01-31"", ""foundingDate"": ""1986-10-31T00:00:00-00:00"", ""jurisdiction"": ""BC"", ""businessNumber"": null, ""lastLedgerTimestamp"": ""2019-02-08T00:00:00-00:00""}, ""changeOfDirectors"": {""annualReportDate"": null, ""annualGeneralMeetingDate"": null}}}",,128850,3333,122,COMPLETED,,t,,1997-03-18 00:00:00+00,COLIN,,,,
101926,1998-03-18 00:00:00+00,annualReport,"{""filing"": {""header"": {""date"": ""1998-03-18"", ""name"": ""annualReport"", ""colinIds"": [102015531], ""historic"": true, ""effectiveDate"": ""1998-03-18"", ""availableOnPaperOnly"": true}, ""business"": {""status"": ""Active"", ""corpState"": ""ACT"", ""legalName"": ""MEADOW WALK HOUSING CO-OPERATIVE"", ""legalType"": ""CP"", ""identifier"": ""CP0001538"", ""lastArDate"": ""2019-01-31"", ""lastAgmDate"": ""2019-01-31"", ""foundingDate"": ""1986-10-31T00:00:00-00:00"", ""jurisdiction"": ""BC"", ""businessNumber"": null, ""lastLedgerTimestamp"": ""2019-02-08T00:00:00-00:00""}, ""annualReport"": {""annualReportDate"": ""1998-01-20"", ""annualGeneralMeetingDate"": null}}}",,128851,3333,122,COMPLETED,,t,,1998-03-18 00:00:00+00,COLIN,,,,
101927,1998-03-18 00:00:00+00,changeOfDirectors,"{""filing"": {""header"": {""date"": ""1998-03-18"", ""name"": ""changeOfDirectors"", ""colinIds"": [102015532], ""historic"": true, ""effectiveDate"": ""1998-03-18"", ""availableOnPaperOnly"": true}, ""business"": {""status"": ""Active"", ""corpState"": ""ACT"", ""legalName"": ""MEADOW WALK HOUSING CO-OPERATIVE"", ""legalType"": ""CP"", ""identifier"": ""CP0001538"", ""lastArDate"": ""2019-01-31"", ""lastAgmDate"": ""2019-01-31"", ""foundingDate"": ""1986-10-31T00:00:00-00:00"", ""jurisdiction"": ""BC"", ""businessNumber"": null, ""lastLedgerTimestamp"": ""2019-02-08T00:00:00-00:00""}, ""changeOfDirectors"": {""annualReportDate"": null, ""annualGeneralMeetingDate"": null}}}",,128852,3333,122,COMPLETED,,t,,1998-03-18 00:00:00+00,COLIN,,,,
101928,1999-04-23 00:00:00+00,annualReport,"{""filing"": {""header"": {""date"": ""1999-04-23"", ""name"": ""annualReport"", ""colinIds"": [102015533], ""historic"": true, ""effectiveDate"": ""1999-04-23"", ""availableOnPaperOnly"": true}, ""business"": {""status"": ""Active"", ""corpState"": ""ACT"", ""legalName"": ""MEADOW WALK HOUSING CO-OPERATIVE"", ""legalType"": ""CP"", ""identifier"": ""CP0001538"", ""lastArDate"": ""2019-01-31"", ""lastAgmDate"": ""2019-01-31"", ""foundingDate"": ""1986-10-31T00:00:00-00:00"", ""jurisdiction"": ""BC"", ""businessNumber"": null, ""lastLedgerTimestamp"": ""2019-02-08T00:00:00-00:00""}, ""annualReport"": {""annualReportDate"": ""1999-01-27"", ""annualGeneralMeetingDate"": null}}}",,128853,3333,122,COMPLETED,,t,,1999-04-23 00:00:00+00,COLIN,,,,
101929,1999-04-23 00:00:00+00,changeOfDirectors,"{""filing"": {""header"": {""date"": ""1999-04-23"", ""name"": ""changeOfDirectors"", ""colinIds"": [102015534], ""historic"": true, ""effectiveDate"": ""1999-04-23"", ""availableOnPaperOnly"": true}, ""business"": {""status"": ""Active"", ""corpState"": ""ACT"", ""legalName"": ""MEADOW WALK HOUSING CO-OPERATIVE"", ""legalType"": ""CP"", ""identifier"": ""CP0001538"", ""lastArDate"": ""2019-01-31"", ""lastAgmDate"": ""2019-01-31"", ""foundingDate"": ""1986-10-31T00:00:00-00:00"", ""jurisdiction"": ""BC"", ""businessNumber"": null, ""lastLedgerTimestamp"": ""2019-02-08T00:00:00-00:00""}, ""changeOfDirectors"": {""annualReportDate"": null, ""annualGeneralMeetingDate"": null}}}",,128854,3333,122,COMPLETED,,t,,1999-04-23 00:00:00+00,COLIN,,,,
101930,1999-05-20 00:00:00+00,changeOfDirectors,"{""filing"": {""header"": {""date"": ""1999-05-20"", ""name"": ""changeOfDirectors"", ""colinIds"": [102015535], ""historic"": true, ""effectiveDate"": ""1999-05-20"", ""availableOnPaperOnly"": true}, ""business"": {""status"": ""Active"", ""corpState"": ""ACT"", ""legalName"": ""MEADOW WALK HOUSING CO-OPERATIVE"", ""legalType"": ""CP"", ""identifier"": ""CP0001538"", ""lastArDate"": ""2019-01-31"", ""lastAgmDate"": ""2019-01-31"", ""foundingDate"": ""1986-10-31T00:00:00-00:00"", ""jurisdiction"": ""BC"", ""businessNumber"": null, ""lastLedgerTimestamp"": ""2019-02-08T00:00:00-00:00""}, ""changeOfDirectors"": {""annualReportDate"": null, ""annualGeneralMeetingDate"": null}}}",,128855,3333,122,COMPLETED,,t,,1999-05-20 00:00:00+00,COLIN,,,,
101931,1999-08-26 00:00:00+00,changeOfDirectors,"{""filing"": {""header"": {""date"": ""1999-08-26"", ""name"": ""changeOfDirectors"", ""colinIds"": [102015536], ""historic"": true, ""effectiveDate"": ""1999-08-26"", ""availableOnPaperOnly"": true}, ""business"": {""status"": ""Active"", ""corpState"": ""ACT"", ""legalName"": ""MEADOW WALK HOUSING CO-OPERATIVE"", ""legalType"": ""CP"", ""identifier"": ""CP0001538"", ""lastArDate"": ""2019-01-31"", ""lastAgmDate"": ""2019-01-31"", ""foundingDate"": ""1986-10-31T00:00:00-00:00"", ""jurisdiction"": ""BC"", ""businessNumber"": null, ""lastLedgerTimestamp"": ""2019-02-08T00:00:00-00:00""}, ""changeOfDirectors"": {""annualReportDate"": null, ""annualGeneralMeetingDate"": null}}}",,128856,3333,122,COMPLETED,,t,,1999-08-26 00:00:00+00,COLIN,,,,
101932,2000-03-16 00:00:00+00,changeOfDirectors,"{""filing"": {""header"": {""date"": ""2000-03-16"", ""name"": ""changeOfDirectors"", ""colinIds"": [102015537], ""historic"": true, ""effectiveDate"": ""2000-03-16"", ""availableOnPaperOnly"": true}, ""business"": {""status"": ""Active"", ""corpState"": ""ACT"", ""legalName"": ""MEADOW WALK HOUSING CO-OPERATIVE"", ""legalType"": ""CP"", ""identifier"": ""CP0001538"", ""lastArDate"": ""2019-01-31"", ""lastAgmDate"": ""2019-01-31"", ""foundingDate"": ""1986-10-31T00:00:00-00:00"", ""jurisdiction"": ""BC"", ""businessNumber"": null, ""lastLedgerTimestamp"": ""2019-02-08T00:00:00-00:00""}, ""changeOfDirectors"": {""annualReportDate"": null, ""annualGeneralMeetingDate"": null}}}",,128857,3333,122,COMPLETED,,t,,2000-03-16 00:00:00+00,COLIN,,,,
101933,2000-12-06 00:00:00+00,changeOfDirectors,"{""filing"": {""header"": {""date"": ""2000-12-06"", ""name"": ""changeOfDirectors"", ""colinIds"": [102015538], ""historic"": true, ""effectiveDate"": ""2000-12-06"", ""availableOnPaperOnly"": true}, ""business"": {""status"": ""Active"", ""corpState"": ""ACT"", ""legalName"": ""MEADOW WALK HOUSING CO-OPERATIVE"", ""legalType"": ""CP"", ""identifier"": ""CP0001538"", ""lastArDate"": ""2019-01-31"", ""lastAgmDate"": ""2019-01-31"", ""foundingDate"": ""1986-10-31T00:00:00-00:00"", ""jurisdiction"": ""BC"", ""businessNumber"": null, ""lastLedgerTimestamp"": ""2019-02-08T00:00:00-00:00""}, ""changeOfDirectors"": {""annualReportDate"": null, ""annualGeneralMeetingDate"": null}}}",,128858,3333,122,COMPLETED,,t,,2000-12-06 00:00:00+00,COLIN,,,,
101934,2001-01-26 00:00:00+00,annualReport,"{""filing"": {""header"": {""date"": ""2001-01-26"", ""name"": ""annualReport"", ""colinIds"": [102015539], ""historic"": true, ""effectiveDate"": ""2001-01-26"", ""availableOnPaperOnly"": true}, ""business"": {""status"": ""Active"", ""corpState"": ""ACT"", ""legalName"": ""MEADOW WALK HOUSING CO-OPERATIVE"", ""legalType"": ""CP"", ""identifier"": ""CP0001538"", ""lastArDate"": ""2019-01-31"", ""lastAgmDate"": ""2019-01-31"", ""foundingDate"": ""1986-10-31T00:00:00-00:00"", ""jurisdiction"": ""BC"", ""businessNumber"": null, ""lastLedgerTimestamp"": ""2019-02-08T00:00:00-00:00""}, ""annualReport"": {""annualReportDate"": ""2000-01-27"", ""annualGeneralMeetingDate"": null}}}",,128859,3333,122,COMPLETED,,t,,2001-01-26 00:00:00+00,COLIN,,,,
101935,2001-03-23 00:00:00+00,annualReport,"{""filing"": {""header"": {""date"": ""2001-03-23"", ""name"": ""annualReport"", ""colinIds"": [102015540], ""historic"": true, ""effectiveDate"": ""2001-03-23"", ""availableOnPaperOnly"": true}, ""business"": {""status"": ""Active"", ""corpState"": ""ACT"", ""legalName"": ""MEADOW WALK HOUSING CO-OPERATIVE"", ""legalType"": ""CP"", ""identifier"": ""CP0001538"", ""lastArDate"": ""2019-01-31"", ""lastAgmDate"": ""2019-01-31"", ""foundingDate"": ""1986-10-31T00:00:00-00:00"", ""jurisdiction"": ""BC"", ""businessNumber"": null, ""lastLedgerTimestamp"": ""2019-02-08T00:00:00-00:00""}, ""annualReport"": {""annualReportDate"": ""2001-01-23"", ""annualGeneralMeetingDate"": null}}}",,128860,3333,122,COMPLETED,,t,,2001-03-23 00:00:00+00,COLIN,,,,
101936,2001-03-23 00:00:00+00,changeOfDirectors,"{""filing"": {""header"": {""date"": ""2001-03-23"", ""name"": ""changeOfDirectors"", ""colinIds"": [102015541], ""historic"": true, ""effectiveDate"": ""2001-03-23"", ""availableOnPaperOnly"": true}, ""business"": {""status"": ""Active"", ""corpState"": ""ACT"", ""legalName"": ""MEADOW WALK HOUSING CO-OPERATIVE"", ""legalType"": ""CP"", ""identifier"": ""CP0001538"", ""lastArDate"": ""2019-01-31"", ""lastAgmDate"": ""2019-01-31"", ""foundingDate"": ""1986-10-31T00:00:00-00:00"", ""jurisdiction"": ""BC"", ""businessNumber"": null, ""lastLedgerTimestamp"": ""2019-02-08T00:00:00-00:00""}, ""changeOfDirectors"": {""annualReportDate"": null, ""annualGeneralMeetingDate"": null}}}",,128861,3333,122,COMPLETED,,t,,2001-03-23 00:00:00+00,COLIN,,,,
101937,2002-02-21 00:00:00+00,annualReport,"{""filing"": {""header"": {""date"": ""2002-02-21"", ""name"": ""annualReport"", ""colinIds"": [102015542], ""historic"": true, ""effectiveDate"": ""2002-02-21"", ""availableOnPaperOnly"": true}, ""business"": {""status"": ""Active"", ""corpState"": ""ACT"", ""legalName"": ""MEADOW WALK HOUSING CO-OPERATIVE"", ""legalType"": ""CP"", ""identifier"": ""CP0001538"", ""lastArDate"": ""2019-01-31"", ""lastAgmDate"": ""2019-01-31"", ""foundingDate"": ""1986-10-31T00:00:00-00:00"", ""jurisdiction"": ""BC"", ""businessNumber"": null, ""lastLedgerTimestamp"": ""2019-02-08T00:00:00-00:00""}, ""annualReport"": {""annualReportDate"": ""2002-01-23"", ""annualGeneralMeetingDate"": null}}}",,128862,3333,122,COMPLETED,,t,,2002-02-21 00:00:00+00,COLIN,,,,
101938,2002-02-21 00:00:00+00,changeOfDirectors,"{""filing"": {""header"": {""date"": ""2002-02-21"", ""name"": ""changeOfDirectors"", ""colinIds"": [102015544], ""historic"": true, ""effectiveDate"": ""2002-02-21"", ""availableOnPaperOnly"": true}, ""business"": {""status"": ""Active"", ""corpState"": ""ACT"", ""legalName"": ""MEADOW WALK HOUSING CO-OPERATIVE"", ""legalType"": ""CP"", ""identifier"": ""CP0001538"", ""lastArDate"": ""2019-01-31"", ""lastAgmDate"": ""2019-01-31"", ""foundingDate"": ""1986-10-31T00:00:00-00:00"", ""jurisdiction"": ""BC"", ""businessNumber"": null, ""lastLedgerTimestamp"": ""2019-02-08T00:00:00-00:00""}, ""changeOfDirectors"": {""annualReportDate"": null, ""annualGeneralMeetingDate"": null}}}",,128863,3333,122,COMPLETED,,t,,2002-02-21 00:00:00+00,COLIN,,,,
101939,2003-03-25 00:00:00+00,annualReport,"{""filing"": {""header"": {""date"": ""2003-03-25"", ""name"": ""annualReport"", ""colinIds"": [102015543], ""historic"": true, ""effectiveDate"": ""2003-03-25"", ""availableOnPaperOnly"": true}, ""business"": {""status"": ""Active"", ""corpState"": ""ACT"", ""legalName"": ""MEADOW WALK HOUSING CO-OPERATIVE"", ""legalType"": ""CP"", ""identifier"": ""CP0001538"", ""lastArDate"": ""2019-01-31"", ""lastAgmDate"": ""2019-01-31"", ""foundingDate"": ""1986-10-31T00:00:00-00:00"", ""jurisdiction"": ""BC"", ""businessNumber"": null, ""lastLedgerTimestamp"": ""2019-02-08T00:00:00-00:00""}, ""annualReport"": {""annualReportDate"": ""2003-01-23"", ""annualGeneralMeetingDate"": null}}}",,128864,3333,122,COMPLETED,,t,,2003-03-25 00:00:00+00,COLIN,,,,
101940,2003-03-25 00:00:00+00,changeOfDirectors,"{""filing"": {""header"": {""date"": ""2003-03-25"", ""name"": ""changeOfDirectors"", ""colinIds"": [102015545], ""historic"": true, ""effectiveDate"": ""2003-03-25"", ""availableOnPaperOnly"": true}, ""business"": {""status"": ""Active"", ""corpState"": ""ACT"", ""legalName"": ""MEADOW WALK HOUSING CO-OPERATIVE"", ""legalType"": ""CP"", ""identifier"": ""CP0001538"", ""lastArDate"": ""2019-01-31"", ""lastAgmDate"": ""2019-01-31"", ""foundingDate"": ""1986-10-31T00:00:00-00:00"", ""jurisdiction"": ""BC"", ""businessNumber"": null, ""lastLedgerTimestamp"": ""2019-02-08T00:00:00-00:00""}, ""changeOfDirectors"": {""annualReportDate"": null, ""annualGeneralMeetingDate"": null}}}",,128865,3333,122,COMPLETED,,t,,2003-03-25 00:00:00+00,COLIN,,,,
101941,2004-03-12 00:00:00+00,annualReport,"{""filing"": {""header"": {""date"": ""2004-03-12"", ""name"": ""annualReport"", ""colinIds"": [102015546], ""historic"": true, ""effectiveDate"": ""2004-03-12"", ""availableOnPaperOnly"": true}, ""business"": {""status"": ""Active"", ""corpState"": ""ACT"", ""legalName"": ""MEADOW WALK HOUSING CO-OPERATIVE"", ""legalType"": ""CP"", ""identifier"": ""CP0001538"", ""lastArDate"": ""2019-01-31"", ""lastAgmDate"": ""2019-01-31"", ""foundingDate"": ""1986-10-31T00:00:00-00:00"", ""jurisdiction"": ""BC"", ""businessNumber"": null, ""lastLedgerTimestamp"": ""2019-02-08T00:00:00-00:00""}, ""annualReport"": {""annualReportDate"": ""2004-01-27"", ""annualGeneralMeetingDate"": null}}}",,128866,3333,122,COMPLETED,,t,,2004-03-12 00:00:00+00,COLIN,,,,
101942,2004-03-12 00:00:00+00,changeOfDirectors,"{""filing"": {""header"": {""date"": ""2004-03-12"", ""name"": ""changeOfDirectors"", ""colinIds"": [102015547], ""historic"": true, ""effectiveDate"": ""2004-03-12"", ""availableOnPaperOnly"": true}, ""business"": {""status"": ""Active"", ""corpState"": ""ACT"", ""legalName"": ""MEADOW WALK HOUSING CO-OPERATIVE"", ""legalType"": ""CP"", ""identifier"": ""CP0001538"", ""lastArDate"": ""2019-01-31"", ""lastAgmDate"": ""2019-01-31"", ""foundingDate"": ""1986-10-31T00:00:00-00:00"", ""jurisdiction"": ""BC"", ""businessNumber"": null, ""lastLedgerTimestamp"": ""2019-02-08T00:00:00-00:00""}, ""changeOfDirectors"": {""annualReportDate"": null, ""annualGeneralMeetingDate"": null}}}",,128867,3333,122,COMPLETED,,t,,2004-03-12 00:00:00+00,COLIN,,,,
101943,2005-02-21 00:00:00+00,annualReport,"{""filing"": {""header"": {""date"": ""2005-02-21"", ""name"": ""annualReport"", ""colinIds"": [102015548], ""historic"": true, ""effectiveDate"": ""2005-02-21"", ""availableOnPaperOnly"": true}, ""business"": {""status"": ""Active"", ""corpState"": ""ACT"", ""legalName"": ""MEADOW WALK HOUSING CO-OPERATIVE"", ""legalType"": ""CP"", ""identifier"": ""CP0001538"", ""lastArDate"": ""2019-01-31"", ""lastAgmDate"": ""2019-01-31"", ""foundingDate"": ""1986-10-31T00:00:00-00:00"", ""jurisdiction"": ""BC"", ""businessNumber"": null, ""lastLedgerTimestamp"": ""2019-02-08T00:00:00-00:00""}, ""annualReport"": {""annualReportDate"": ""2005-01-26"", ""annualGeneralMeetingDate"": null}}}",,128868,3333,122,COMPLETED,,t,,2005-02-21 00:00:00+00,COLIN,,,,
101944,2005-02-21 00:00:00+00,changeOfDirectors,"{""filing"": {""header"": {""date"": ""2005-02-21"", ""name"": ""changeOfDirectors"", ""colinIds"": [102015549], ""historic"": true, ""effectiveDate"": ""2005-02-21"", ""availableOnPaperOnly"": true}, ""business"": {""status"": ""Active"", ""corpState"": ""ACT"", ""legalName"": ""MEADOW WALK HOUSING CO-OPERATIVE"", ""legalType"": ""CP"", ""identifier"": ""CP0001538"", ""lastArDate"": ""2019-01-31"", ""lastAgmDate"": ""2019-01-31"", ""foundingDate"": ""1986-10-31T00:00:00-00:00"", ""jurisdiction"": ""BC"", ""businessNumber"": null, ""lastLedgerTimestamp"": ""2019-02-08T00:00:00-00:00""}, ""changeOfDirectors"": {""annualReportDate"": null, ""annualGeneralMeetingDate"": null}}}",,128869,3333,122,COMPLETED,,t,,2005-02-21 00:00:00+00,COLIN,,,,
101945,2006-02-15 00:00:00+00,changeOfDirectors,"{""filing"": {""header"": {""date"": ""2006-02-15"", ""name"": ""changeOfDirectors"", ""colinIds"": [102015550], ""historic"": true, ""effectiveDate"": ""2006-02-15"", ""availableOnPaperOnly"": true}, ""business"": {""status"": ""Active"", ""corpState"": ""ACT"", ""legalName"": ""MEADOW WALK HOUSING CO-OPERATIVE"", ""legalType"": ""CP"", ""identifier"": ""CP0001538"", ""lastArDate"": ""2019-01-31"", ""lastAgmDate"": ""2019-01-31"", ""foundingDate"": ""1986-10-31T00:00:00-00:00"", ""jurisdiction"": ""BC"", ""businessNumber"": null, ""lastLedgerTimestamp"": ""2019-02-08T00:00:00-00:00""}, ""changeOfDirectors"": {""annualReportDate"": null, ""annualGeneralMeetingDate"": null}}}",,128870,3333,122,COMPLETED,,t,,2006-02-15 00:00:00+00,COLIN,,,,
101946,2006-02-15 00:00:00+00,annualReport,"{""filing"": {""header"": {""date"": ""2006-02-15"", ""name"": ""annualReport"", ""colinIds"": [102015551], ""historic"": true, ""effectiveDate"": ""2006-02-15"", ""availableOnPaperOnly"": true}, ""business"": {""status"": ""Active"", ""corpState"": ""ACT"", ""legalName"": ""MEADOW WALK HOUSING CO-OPERATIVE"", ""legalType"": ""CP"", ""identifier"": ""CP0001538"", ""lastArDate"": ""2019-01-31"", ""lastAgmDate"": ""2019-01-31"", ""foundingDate"": ""1986-10-31T00:00:00-00:00"", ""jurisdiction"": ""BC"", ""businessNumber"": null, ""lastLedgerTimestamp"": ""2019-02-08T00:00:00-00:00""}, ""annualReport"": {""annualReportDate"": ""2006-01-26"", ""annualGeneralMeetingDate"": null}}}",,128871,3333,122,COMPLETED,,t,,2006-02-15 00:00:00+00,COLIN,,,,
101947,2006-05-30 00:00:00+00,changeOfDirectors,"{""filing"": {""header"": {""date"": ""2006-05-30"", ""name"": ""changeOfDirectors"", ""colinIds"": [102015552], ""historic"": true, ""effectiveDate"": ""2006-05-30"", ""availableOnPaperOnly"": true}, ""business"": {""status"": ""Active"", ""corpState"": ""ACT"", ""legalName"": ""MEADOW WALK HOUSING CO-OPERATIVE"", ""legalType"": ""CP"", ""identifier"": ""CP0001538"", ""lastArDate"": ""2019-01-31"", ""lastAgmDate"": ""2019-01-31"", ""foundingDate"": ""1986-10-31T00:00:00-00:00"", ""jurisdiction"": ""BC"", ""businessNumber"": null, ""lastLedgerTimestamp"": ""2019-02-08T00:00:00-00:00""}, ""changeOfDirectors"": {""annualReportDate"": null, ""annualGeneralMeetingDate"": null}}}",,128872,3333,122,COMPLETED,,t,,2006-05-30 00:00:00+00,COLIN,,,,
101948,2007-03-02 00:00:00+00,annualReport,"{""filing"": {""header"": {""date"": ""2007-03-02"", ""name"": ""annualReport"", ""colinIds"": [102015553], ""historic"": true, ""effectiveDate"": ""2007-03-02"", ""availableOnPaperOnly"": true}, ""business"": {""status"": ""Active"", ""corpState"": ""ACT"", ""legalName"": ""MEADOW WALK HOUSING CO-OPERATIVE"", ""legalType"": ""CP"", ""identifier"": ""CP0001538"", ""lastArDate"": ""2019-01-31"", ""lastAgmDate"": ""2019-01-31"", ""foundingDate"": ""1986-10-31T00:00:00-00:00"", ""jurisdiction"": ""BC"", ""businessNumber"": null, ""lastLedgerTimestamp"": ""2019-02-08T00:00:00-00:00""}, ""annualReport"": {""annualReportDate"": ""2007-01-23"", ""annualGeneralMeetingDate"": null}}}",,128873,3333,122,COMPLETED,,t,,2007-03-02 00:00:00+00,COLIN,,,,
101949,2007-03-02 00:00:00+00,changeOfDirectors,"{""filing"": {""header"": {""date"": ""2007-03-02"", ""name"": ""changeOfDirectors"", ""colinIds"": [102015554], ""historic"": true, ""effectiveDate"": ""2007-03-02"", ""availableOnPaperOnly"": true}, ""business"": {""status"": ""Active"", ""corpState"": ""ACT"", ""legalName"": ""MEADOW WALK HOUSING CO-OPERATIVE"", ""legalType"": ""CP"", ""identifier"": ""CP0001538"", ""lastArDate"": ""2019-01-31"", ""lastAgmDate"": ""2019-01-31"", ""foundingDate"": ""1986-10-31T00:00:00-00:00"", ""jurisdiction"": ""BC"", ""businessNumber"": null, ""lastLedgerTimestamp"": ""2019-02-08T00:00:00-00:00""}, ""changeOfDirectors"": {""annualReportDate"": null, ""annualGeneralMeetingDate"": null}}}",,128874,3333,122,COMPLETED,,t,,2007-03-02 00:00:00+00,COLIN,,,,
101950,2007-04-24 00:00:00+00,changeOfDirectors,"{""filing"": {""header"": {""date"": ""2007-04-24"", ""name"": ""changeOfDirectors"", ""colinIds"": [102015555], ""historic"": true, ""effectiveDate"": ""2007-04-24"", ""availableOnPaperOnly"": true}, ""business"": {""status"": ""Active"", ""corpState"": ""ACT"", ""legalName"": ""MEADOW WALK HOUSING CO-OPERATIVE"", ""legalType"": ""CP"", ""identifier"": ""CP0001538"", ""lastArDate"": ""2019-01-31"", ""lastAgmDate"": ""2019-01-31"", ""foundingDate"": ""1986-10-31T00:00:00-00:00"", ""jurisdiction"": ""BC"", ""businessNumber"": null, ""lastLedgerTimestamp"": ""2019-02-08T00:00:00-00:00""}, ""changeOfDirectors"": {""annualReportDate"": null, ""annualGeneralMeetingDate"": null}}}",,128875,3333,122,COMPLETED,,t,,2007-04-24 00:00:00+00,COLIN,,,,
101951,2008-04-11 00:00:00+00,changeOfDirectors,"{""filing"": {""header"": {""date"": ""2008-04-11"", ""name"": ""changeOfDirectors"", ""colinIds"": [102015556], ""historic"": true, ""effectiveDate"": ""2008-04-11"", ""availableOnPaperOnly"": true}, ""business"": {""status"": ""Active"", ""corpState"": ""ACT"", ""legalName"": ""MEADOW WALK HOUSING CO-OPERATIVE"", ""legalType"": ""CP"", ""identifier"": ""CP0001538"", ""lastArDate"": ""2019-01-31"", ""lastAgmDate"": ""2019-01-31"", ""foundingDate"": ""1986-10-31T00:00:00-00:00"", ""jurisdiction"": ""BC"", ""businessNumber"": null, ""lastLedgerTimestamp"": ""2019-02-08T00:00:00-00:00""}, ""changeOfDirectors"": {""annualReportDate"": null, ""annualGeneralMeetingDate"": null}}}",,128876,3333,122,COMPLETED,,t,,2008-04-11 00:00:00+00,COLIN,,,,
101952,2008-04-11 00:00:00+00,annualReport,"{""filing"": {""header"": {""date"": ""2008-04-11"", ""name"": ""annualReport"", ""colinIds"": [102015557], ""historic"": true, ""effectiveDate"": ""2008-04-11"", ""availableOnPaperOnly"": true}, ""business"": {""status"": ""Active"", ""corpState"": ""ACT"", ""legalName"": ""MEADOW WALK HOUSING CO-OPERATIVE"", ""legalType"": ""CP"", ""identifier"": ""CP0001538"", ""lastArDate"": ""2019-01-31"", ""lastAgmDate"": ""2019-01-31"", ""foundingDate"": ""1986-10-31T00:00:00-00:00"", ""jurisdiction"": ""BC"", ""businessNumber"": null, ""lastLedgerTimestamp"": ""2019-02-08T00:00:00-00:00""}, ""annualReport"": {""annualReportDate"": ""2008-01-23"", ""annualGeneralMeetingDate"": null}}}",,128877,3333,122,COMPLETED,,t,,2008-04-11 00:00:00+00,COLIN,,,,
101953,2008-06-05 00:00:00+00,changeOfDirectors,"{""filing"": {""header"": {""date"": ""2008-06-05"", ""name"": ""changeOfDirectors"", ""colinIds"": [102015558], ""historic"": true, ""effectiveDate"": ""2008-06-05"", ""availableOnPaperOnly"": true}, ""business"": {""status"": ""Active"", ""corpState"": ""ACT"", ""legalName"": ""MEADOW WALK HOUSING CO-OPERATIVE"", ""legalType"": ""CP"", ""identifier"": ""CP0001538"", ""lastArDate"": ""2019-01-31"", ""lastAgmDate"": ""2019-01-31"", ""foundingDate"": ""1986-10-31T00:00:00-00:00"", ""jurisdiction"": ""BC"", ""businessNumber"": null, ""lastLedgerTimestamp"": ""2019-02-08T00:00:00-00:00""}, ""changeOfDirectors"": {""annualReportDate"": null, ""annualGeneralMeetingDate"": null}}}",,128878,3333,122,COMPLETED,,t,,2008-06-05 00:00:00+00,COLIN,,,,
101954,2008-09-10 00:00:00+00,changeOfDirectors,"{""filing"": {""header"": {""date"": ""2008-09-10"", ""name"": ""changeOfDirectors"", ""colinIds"": [102015559], ""historic"": true, ""effectiveDate"": ""2008-09-10"", ""availableOnPaperOnly"": true}, ""business"": {""status"": ""Active"", ""corpState"": ""ACT"", ""legalName"": ""MEADOW WALK HOUSING CO-OPERATIVE"", ""legalType"": ""CP"", ""identifier"": ""CP0001538"", ""lastArDate"": ""2019-01-31"", ""lastAgmDate"": ""2019-01-31"", ""foundingDate"": ""1986-10-31T00:00:00-00:00"", ""jurisdiction"": ""BC"", ""businessNumber"": null, ""lastLedgerTimestamp"": ""2019-02-08T00:00:00-00:00""}, ""changeOfDirectors"": {""annualReportDate"": null, ""annualGeneralMeetingDate"": null}}}",,128879,3333,122,COMPLETED,,t,,2008-09-10 00:00:00+00,COLIN,,,,
101955,2009-02-19 00:00:00+00,annualReport,"{""filing"": {""header"": {""date"": ""2009-02-19"", ""name"": ""annualReport"", ""colinIds"": [102015560], ""historic"": true, ""effectiveDate"": ""2009-02-19"", ""availableOnPaperOnly"": true}, ""business"": {""status"": ""Active"", ""corpState"": ""ACT"", ""legalName"": ""MEADOW WALK HOUSING CO-OPERATIVE"", ""legalType"": ""CP"", ""identifier"": ""CP0001538"", ""lastArDate"": ""2019-01-31"", ""lastAgmDate"": ""2019-01-31"", ""foundingDate"": ""1986-10-31T00:00:00-00:00"", ""jurisdiction"": ""BC"", ""businessNumber"": null, ""lastLedgerTimestamp"": ""2019-02-08T00:00:00-00:00""}, ""annualReport"": {""annualReportDate"": ""2009-01-22"", ""annualGeneralMeetingDate"": null}}}",,128880,3333,122,COMPLETED,,t,,2009-02-19 00:00:00+00,COLIN,,,,
101956,2009-02-19 00:00:00+00,changeOfDirectors,"{""filing"": {""header"": {""date"": ""2009-02-19"", ""name"": ""changeOfDirectors"", ""colinIds"": [102015561], ""historic"": true, ""effectiveDate"": ""2009-02-19"", ""availableOnPaperOnly"": true}, ""business"": {""status"": ""Active"", ""corpState"": ""ACT"", ""legalName"": ""MEADOW WALK HOUSING CO-OPERATIVE"", ""legalType"": ""CP"", ""identifier"": ""CP0001538"", ""lastArDate"": ""2019-01-31"", ""lastAgmDate"": ""2019-01-31"", ""foundingDate"": ""1986-10-31T00:00:00-00:00"", ""jurisdiction"": ""BC"", ""businessNumber"": null, ""lastLedgerTimestamp"": ""2019-02-08T00:00:00-00:00""}, ""changeOfDirectors"": {""annualReportDate"": null, ""annualGeneralMeetingDate"": null}}}",,128881,3333,122,COMPLETED,,t,,2009-02-19 00:00:00+00,COLIN,,,,
101957,2009-12-03 00:00:00+00,changeOfDirectors,"{""filing"": {""header"": {""date"": ""2009-12-03"", ""name"": ""changeOfDirectors"", ""colinIds"": [102015562], ""historic"": true, ""effectiveDate"": ""2009-12-03"", ""availableOnPaperOnly"": true}, ""business"": {""status"": ""Active"", ""corpState"": ""ACT"", ""legalName"": ""MEADOW WALK HOUSING CO-OPERATIVE"", ""legalType"": ""CP"", ""identifier"": ""CP0001538"", ""lastArDate"": ""2019-01-31"", ""lastAgmDate"": ""2019-01-31"", ""foundingDate"": ""1986-10-31T00:00:00-00:00"", ""jurisdiction"": ""BC"", ""businessNumber"": null, ""lastLedgerTimestamp"": ""2019-02-08T00:00:00-00:00""}, ""changeOfDirectors"": {""annualReportDate"": null, ""annualGeneralMeetingDate"": null}}}",,128882,3333,122,COMPLETED,,t,,2009-12-03 00:00:00+00,COLIN,,,,
101958,2010-02-18 00:00:00+00,annualReport,"{""filing"": {""header"": {""date"": ""2010-02-18"", ""name"": ""annualReport"", ""colinIds"": [102015563], ""historic"": true, ""effectiveDate"": ""2010-02-18"", ""availableOnPaperOnly"": true}, ""business"": {""status"": ""Active"", ""corpState"": ""ACT"", ""legalName"": ""MEADOW WALK HOUSING CO-OPERATIVE"", ""legalType"": ""CP"", ""identifier"": ""CP0001538"", ""lastArDate"": ""2019-01-31"", ""lastAgmDate"": ""2019-01-31"", ""foundingDate"": ""1986-10-31T00:00:00-00:00"", ""jurisdiction"": ""BC"", ""businessNumber"": null, ""lastLedgerTimestamp"": ""2019-02-08T00:00:00-00:00""}, ""annualReport"": {""annualReportDate"": ""2010-01-26"", ""annualGeneralMeetingDate"": null}}}",,128883,3333,122,COMPLETED,,t,,2010-02-18 00:00:00+00,COLIN,,,,
101959,2010-02-18 00:00:00+00,changeOfDirectors,"{""filing"": {""header"": {""date"": ""2010-02-18"", ""name"": ""changeOfDirectors"", ""colinIds"": [102015564], ""historic"": true, ""effectiveDate"": ""2010-02-18"", ""availableOnPaperOnly"": true}, ""business"": {""status"": ""Active"", ""corpState"": ""ACT"", ""legalName"": ""MEADOW WALK HOUSING CO-OPERATIVE"", ""legalType"": ""CP"", ""identifier"": ""CP0001538"", ""lastArDate"": ""2019-01-31"", ""lastAgmDate"": ""2019-01-31"", ""foundingDate"": ""1986-10-31T00:00:00-00:00"", ""jurisdiction"": ""BC"", ""businessNumber"": null, ""lastLedgerTimestamp"": ""2019-02-08T00:00:00-00:00""}, ""changeOfDirectors"": {""annualReportDate"": null, ""annualGeneralMeetingDate"": null}}}",,128884,3333,122,COMPLETED,,t,,2010-02-18 00:00:00+00,COLIN,,,,
101960,2010-11-24 00:00:00+00,specialResolution,"{""filing"": {""header"": {""date"": ""2010-11-24"", ""name"": ""specialResolution"", ""colinIds"": [102065442], ""historic"": true, ""effectiveDate"": ""2010-11-24"", ""availableOnPaperOnly"": true}, ""business"": {""status"": ""Active"", ""corpState"": ""ACT"", ""legalName"": ""MEADOW WALK HOUSING CO-OPERATIVE"", ""legalType"": ""CP"", ""identifier"": ""CP0001538"", ""lastArDate"": ""2019-01-31"", ""lastAgmDate"": ""2019-01-31"", ""foundingDate"": ""1986-10-31T00:00:00-00:00"", ""jurisdiction"": ""BC"", ""businessNumber"": null, ""lastLedgerTimestamp"": ""2019-02-08T00:00:00-00:00""}, ""specialResolution"": {""annualReportDate"": null, ""annualGeneralMeetingDate"": null}}}",,128885,3333,122,COMPLETED,,t,,2010-11-24 00:00:00+00,COLIN,,,,
101961,2011-02-10 00:00:00+00,changeOfDirectors,"{""filing"": {""header"": {""date"": ""2011-02-10"", ""name"": ""changeOfDirectors"", ""colinIds"": [102015566], ""historic"": true, ""effectiveDate"": ""2011-02-10"", ""availableOnPaperOnly"": true}, ""business"": {""status"": ""Active"", ""corpState"": ""ACT"", ""legalName"": ""MEADOW WALK HOUSING CO-OPERATIVE"", ""legalType"": ""CP"", ""identifier"": ""CP0001538"", ""lastArDate"": ""2019-01-31"", ""lastAgmDate"": ""2019-01-31"", ""foundingDate"": ""1986-10-31T00:00:00-00:00"", ""jurisdiction"": ""BC"", ""businessNumber"": null, ""lastLedgerTimestamp"": ""2019-02-08T00:00:00-00:00""}, ""changeOfDirectors"": {""annualReportDate"": null, ""annualGeneralMeetingDate"": null}}}",,128886,3333,122,COMPLETED,,t,,2011-02-10 00:00:00+00,COLIN,,,,
101962,2011-02-10 00:00:00+00,annualReport,"{""filing"": {""header"": {""date"": ""2011-02-10"", ""name"": ""annualReport"", ""colinIds"": [102015565], ""historic"": true, ""effectiveDate"": ""2011-02-10"", ""availableOnPaperOnly"": true}, ""business"": {""status"": ""Active"", ""corpState"": ""ACT"", ""legalName"": ""MEADOW WALK HOUSING CO-OPERATIVE"", ""legalType"": ""CP"", ""identifier"": ""CP0001538"", ""lastArDate"": ""2019-01-31"", ""lastAgmDate"": ""2019-01-31"", ""foundingDate"": ""1986-10-31T00:00:00-00:00"", ""jurisdiction"": ""BC"", ""businessNumber"": null, ""lastLedgerTimestamp"": ""2019-02-08T00:00:00-00:00""}, ""annualReport"": {""annualReportDate"": ""2011-01-26"", ""annualGeneralMeetingDate"": null}}}",,128887,3333,122,COMPLETED,,t,,2011-02-10 00:00:00+00,COLIN,,,,
101963,2011-11-22 00:00:00+00,changeOfDirectors,"{""filing"": {""header"": {""date"": ""2011-11-22"", ""name"": ""changeOfDirectors"", ""colinIds"": [102015567], ""historic"": true, ""effectiveDate"": ""2011-11-22"", ""availableOnPaperOnly"": true}, ""business"": {""status"": ""Active"", ""corpState"": ""ACT"", ""legalName"": ""MEADOW WALK HOUSING CO-OPERATIVE"", ""legalType"": ""CP"", ""identifier"": ""CP0001538"", ""lastArDate"": ""2019-01-31"", ""lastAgmDate"": ""2019-01-31"", ""foundingDate"": ""1986-10-31T00:00:00-00:00"", ""jurisdiction"": ""BC"", ""businessNumber"": null, ""lastLedgerTimestamp"": ""2019-02-08T00:00:00-00:00""}, ""changeOfDirectors"": {""annualReportDate"": null, ""annualGeneralMeetingDate"": null}}}",,128888,3333,122,COMPLETED,,t,,2011-11-22 00:00:00+00,COLIN,,,,
101964,2012-03-28 00:00:00+00,annualReport,"{""filing"": {""header"": {""date"": ""2012-03-28"", ""name"": ""annualReport"", ""colinIds"": [102015569], ""historic"": true, ""effectiveDate"": ""2012-03-28"", ""availableOnPaperOnly"": true}, ""business"": {""status"": ""Active"", ""corpState"": ""ACT"", ""legalName"": ""MEADOW WALK HOUSING CO-OPERATIVE"", ""legalType"": ""CP"", ""identifier"": ""CP0001538"", ""lastArDate"": ""2019-01-31"", ""lastAgmDate"": ""2019-01-31"", ""foundingDate"": ""1986-10-31T00:00:00-00:00"", ""jurisdiction"": ""BC"", ""businessNumber"": null, ""lastLedgerTimestamp"": ""2019-02-08T00:00:00-00:00""}, ""annualReport"": {""annualReportDate"": ""2012-01-26"", ""annualGeneralMeetingDate"": null}}}",,128889,3333,122,COMPLETED,,t,,2012-03-28 00:00:00+00,COLIN,,,,
101965,2012-03-28 00:00:00+00,changeOfDirectors,"{""filing"": {""header"": {""date"": ""2012-03-28"", ""name"": ""changeOfDirectors"", ""colinIds"": [102015568], ""historic"": true, ""effectiveDate"": ""2012-03-28"", ""availableOnPaperOnly"": true}, ""business"": {""status"": ""Active"", ""corpState"": ""ACT"", ""legalName"": ""MEADOW WALK HOUSING CO-OPERATIVE"", ""legalType"": ""CP"", ""identifier"": ""CP0001538"", ""lastArDate"": ""2019-01-31"", ""lastAgmDate"": ""2019-01-31"", ""foundingDate"": ""1986-10-31T00:00:00-00:00"", ""jurisdiction"": ""BC"", ""businessNumber"": null, ""lastLedgerTimestamp"": ""2019-02-08T00:00:00-00:00""}, ""changeOfDirectors"": {""annualReportDate"": null, ""annualGeneralMeetingDate"": null}}}",,128890,3333,122,COMPLETED,,t,,2012-03-28 00:00:00+00,COLIN,,,,
101966,2012-12-18 00:00:00+00,changeOfDirectors,"{""filing"": {""header"": {""date"": ""2012-12-18"", ""name"": ""changeOfDirectors"", ""colinIds"": [102015570], ""historic"": true, ""effectiveDate"": ""2012-12-18"", ""availableOnPaperOnly"": true}, ""business"": {""status"": ""Active"", ""corpState"": ""ACT"", ""legalName"": ""MEADOW WALK HOUSING CO-OPERATIVE"", ""legalType"": ""CP"", ""identifier"": ""CP0001538"", ""lastArDate"": ""2019-01-31"", ""lastAgmDate"": ""2019-01-31"", ""foundingDate"": ""1986-10-31T00:00:00-00:00"", ""jurisdiction"": ""BC"", ""businessNumber"": null, ""lastLedgerTimestamp"": ""2019-02-08T00:00:00-00:00""}, ""changeOfDirectors"": {""annualReportDate"": null, ""annualGeneralMeetingDate"": null}}}",,128891,3333,122,COMPLETED,,t,,2012-12-18 00:00:00+00,COLIN,,,,
101967,2013-04-04 00:00:00+00,changeOfDirectors,"{""filing"": {""header"": {""date"": ""2013-04-04"", ""name"": ""changeOfDirectors"", ""colinIds"": [102015571], ""historic"": true, ""effectiveDate"": ""2013-04-04"", ""availableOnPaperOnly"": true}, ""business"": {""status"": ""Active"", ""corpState"": ""ACT"", ""legalName"": ""MEADOW WALK HOUSING CO-OPERATIVE"", ""legalType"": ""CP"", ""identifier"": ""CP0001538"", ""lastArDate"": ""2019-01-31"", ""lastAgmDate"": ""2019-01-31"", ""foundingDate"": ""1986-10-31T00:00:00-00:00"", ""jurisdiction"": ""BC"", ""businessNumber"": null, ""lastLedgerTimestamp"": ""2019-02-08T00:00:00-00:00""}, ""changeOfDirectors"": {""annualReportDate"": null, ""annualGeneralMeetingDate"": null}}}",,128892,3333,122,COMPLETED,,t,,2013-04-04 00:00:00+00,COLIN,,,,
101968,2013-04-04 00:00:00+00,annualReport,"{""filing"": {""header"": {""date"": ""2013-04-04"", ""name"": ""annualReport"", ""colinIds"": [102015572], ""historic"": true, ""effectiveDate"": ""2013-04-04"", ""availableOnPaperOnly"": true}, ""business"": {""status"": ""Active"", ""corpState"": ""ACT"", ""legalName"": ""MEADOW WALK HOUSING CO-OPERATIVE"", ""legalType"": ""CP"", ""identifier"": ""CP0001538"", ""lastArDate"": ""2019-01-31"", ""lastAgmDate"": ""2019-01-31"", ""foundingDate"": ""1986-10-31T00:00:00-00:00"", ""jurisdiction"": ""BC"", ""businessNumber"": null, ""lastLedgerTimestamp"": ""2019-02-08T00:00:00-00:00""}, ""annualReport"": {""annualReportDate"": ""2013-01-24"", ""annualGeneralMeetingDate"": null}}}",,128893,3333,122,COMPLETED,,t,,2013-04-04 00:00:00+00,COLIN,,,,
101969,2013-06-18 00:00:00+00,changeOfDirectors,"{""filing"": {""header"": {""date"": ""2013-06-18"", ""name"": ""changeOfDirectors"", ""colinIds"": [102015573], ""historic"": true, ""effectiveDate"": ""2013-06-18"", ""availableOnPaperOnly"": true}, ""business"": {""status"": ""Active"", ""corpState"": ""ACT"", ""legalName"": ""MEADOW WALK HOUSING CO-OPERATIVE"", ""legalType"": ""CP"", ""identifier"": ""CP0001538"", ""lastArDate"": ""2019-01-31"", ""lastAgmDate"": ""2019-01-31"", ""foundingDate"": ""1986-10-31T00:00:00-00:00"", ""jurisdiction"": ""BC"", ""businessNumber"": null, ""lastLedgerTimestamp"": ""2019-02-08T00:00:00-00:00""}, ""changeOfDirectors"": {""annualReportDate"": null, ""annualGeneralMeetingDate"": null}}}",,128894,3333,122,COMPLETED,,t,,2013-06-18 00:00:00+00,COLIN,,,,
101970,2013-10-08 00:00:00+00,changeOfDirectors,"{""filing"": {""header"": {""date"": ""2013-10-08"", ""name"": ""changeOfDirectors"", ""colinIds"": [102015574], ""historic"": true, ""effectiveDate"": ""2013-10-08"", ""availableOnPaperOnly"": true}, ""business"": {""status"": ""Active"", ""corpState"": ""ACT"", ""legalName"": ""MEADOW WALK HOUSING CO-OPERATIVE"", ""legalType"": ""CP"", ""identifier"": ""CP0001538"", ""lastArDate"": ""2019-01-31"", ""lastAgmDate"": ""2019-01-31"", ""foundingDate"": ""1986-10-31T00:00:00-00:00"", ""jurisdiction"": ""BC"", ""businessNumber"": null, ""lastLedgerTimestamp"": ""2019-02-08T00:00:00-00:00""}, ""changeOfDirectors"": {""annualReportDate"": null, ""annualGeneralMeetingDate"": null}}}",,128895,3333,122,COMPLETED,,t,,2013-10-08 00:00:00+00,COLIN,,,,
101971,2014-03-25 00:00:00+00,annualReport,"{""filing"": {""header"": {""date"": ""2014-03-25"", ""name"": ""annualReport"", ""colinIds"": [102015576], ""historic"": true, ""effectiveDate"": ""2014-03-25"", ""availableOnPaperOnly"": true}, ""business"": {""status"": ""Active"", ""corpState"": ""ACT"", ""legalName"": ""MEADOW WALK HOUSING CO-OPERATIVE"", ""legalType"": ""CP"", ""identifier"": ""CP0001538"", ""lastArDate"": ""2019-01-31"", ""lastAgmDate"": ""2019-01-31"", ""foundingDate"": ""1986-10-31T00:00:00-00:00"", ""jurisdiction"": ""BC"", ""businessNumber"": null, ""lastLedgerTimestamp"": ""2019-02-08T00:00:00-00:00""}, ""annualReport"": {""annualReportDate"": ""2014-01-23"", ""annualGeneralMeetingDate"": null}}}",,128896,3333,122,COMPLETED,,t,,2014-03-25 00:00:00+00,COLIN,,,,
101972,2014-03-25 00:00:00+00,changeOfDirectors,"{""filing"": {""header"": {""date"": ""2014-03-25"", ""name"": ""changeOfDirectors"", ""colinIds"": [102015575], ""historic"": true, ""effectiveDate"": ""2014-03-25"", ""availableOnPaperOnly"": true}, ""business"": {""status"": ""Active"", ""corpState"": ""ACT"", ""legalName"": ""MEADOW WALK HOUSING CO-OPERATIVE"", ""legalType"": ""CP"", ""identifier"": ""CP0001538"", ""lastArDate"": ""2019-01-31"", ""lastAgmDate"": ""2019-01-31"", ""foundingDate"": ""1986-10-31T00:00:00-00:00"", ""jurisdiction"": ""BC"", ""businessNumber"": null, ""lastLedgerTimestamp"": ""2019-02-08T00:00:00-00:00""}, ""changeOfDirectors"": {""annualReportDate"": null, ""annualGeneralMeetingDate"": null}}}",,128897,3333,122,COMPLETED,,t,,2014-03-25 00:00:00+00,COLIN,,,,
101973,2014-12-03 00:00:00+00,changeOfDirectors,"{""filing"": {""header"": {""date"": ""2014-12-03"", ""name"": ""changeOfDirectors"", ""colinIds"": [102015577], ""historic"": true, ""effectiveDate"": ""2014-12-03"", ""availableOnPaperOnly"": true}, ""business"": {""status"": ""Active"", ""corpState"": ""ACT"", ""legalName"": ""MEADOW WALK HOUSING CO-OPERATIVE"", ""legalType"": ""CP"", ""identifier"": ""CP0001538"", ""lastArDate"": ""2019-01-31"", ""lastAgmDate"": ""2019-01-31"", ""foundingDate"": ""1986-10-31T00:00:00-00:00"", ""jurisdiction"": ""BC"", ""businessNumber"": null, ""lastLedgerTimestamp"": ""2019-02-08T00:00:00-00:00""}, ""changeOfDirectors"": {""annualReportDate"": null, ""annualGeneralMeetingDate"": null}}}",,128898,3333,122,COMPLETED,,t,,2014-12-03 00:00:00+00,COLIN,,,,
101974,2015-04-16 00:00:00+00,changeOfDirectors,"{""filing"": {""header"": {""date"": ""2015-04-16"", ""name"": ""changeOfDirectors"", ""colinIds"": [102015578], ""historic"": true, ""effectiveDate"": ""2015-04-16"", ""availableOnPaperOnly"": true}, ""business"": {""status"": ""Active"", ""corpState"": ""ACT"", ""legalName"": ""MEADOW WALK HOUSING CO-OPERATIVE"", ""legalType"": ""CP"", ""identifier"": ""CP0001538"", ""lastArDate"": ""2019-01-31"", ""lastAgmDate"": ""2019-01-31"", ""foundingDate"": ""1986-10-31T00:00:00-00:00"", ""jurisdiction"": ""BC"", ""businessNumber"": null, ""lastLedgerTimestamp"": ""2019-02-08T00:00:00-00:00""}, ""changeOfDirectors"": {""annualReportDate"": null, ""annualGeneralMeetingDate"": null}}}",,128899,3333,122,COMPLETED,,t,,2015-04-16 00:00:00+00,COLIN,,,,
101975,2015-04-16 00:00:00+00,annualReport,"{""filing"": {""header"": {""date"": ""2015-04-16"", ""name"": ""annualReport"", ""colinIds"": [102015580], ""historic"": true, ""effectiveDate"": ""2015-04-16"", ""availableOnPaperOnly"": true}, ""business"": {""status"": ""Active"", ""corpState"": ""ACT"", ""legalName"": ""MEADOW WALK HOUSING CO-OPERATIVE"", ""legalType"": ""CP"", ""identifier"": ""CP0001538"", ""lastArDate"": ""2019-01-31"", ""lastAgmDate"": ""2019-01-31"", ""foundingDate"": ""1986-10-31T00:00:00-00:00"", ""jurisdiction"": ""BC"", ""businessNumber"": null, ""lastLedgerTimestamp"": ""2019-02-08T00:00:00-00:00""}, ""annualReport"": {""annualReportDate"": ""2015-01-22"", ""annualGeneralMeetingDate"": null}}}",,128900,3333,122,COMPLETED,,t,,2015-04-16 00:00:00+00,COLIN,,,,
101976,2015-08-14 00:00:00+00,changeOfDirectors,"{""filing"": {""header"": {""date"": ""2015-08-14"", ""name"": ""changeOfDirectors"", ""colinIds"": [102015579], ""historic"": true, ""effectiveDate"": ""2015-08-14"", ""availableOnPaperOnly"": true}, ""business"": {""status"": ""Active"", ""corpState"": ""ACT"", ""legalName"": ""MEADOW WALK HOUSING CO-OPERATIVE"", ""legalType"": ""CP"", ""identifier"": ""CP0001538"", ""lastArDate"": ""2019-01-31"", ""lastAgmDate"": ""2019-01-31"", ""foundingDate"": ""1986-10-31T00:00:00-00:00"", ""jurisdiction"": ""BC"", ""businessNumber"": null, ""lastLedgerTimestamp"": ""2019-02-08T00:00:00-00:00""}, ""changeOfDirectors"": {""annualReportDate"": null, ""annualGeneralMeetingDate"": null}}}",,128901,3333,122,COMPLETED,,t,,2015-08-14 00:00:00+00,COLIN,,,,
101977,2016-05-05 00:00:00+00,annualReport,"{""filing"": {""header"": {""date"": ""2016-05-05"", ""name"": ""annualReport"", ""colinIds"": [102015582], ""historic"": true, ""effectiveDate"": ""2016-05-05"", ""availableOnPaperOnly"": true}, ""business"": {""status"": ""Active"", ""corpState"": ""ACT"", ""legalName"": ""MEADOW WALK HOUSING CO-OPERATIVE"", ""legalType"": ""CP"", ""identifier"": ""CP0001538"", ""lastArDate"": ""2019-01-31"", ""lastAgmDate"": ""2019-01-31"", ""foundingDate"": ""1986-10-31T00:00:00-00:00"", ""jurisdiction"": ""BC"", ""businessNumber"": null, ""lastLedgerTimestamp"": ""2019-02-08T00:00:00-00:00""}, ""annualReport"": {""annualReportDate"": ""2016-01-28"", ""annualGeneralMeetingDate"": null}}}",,128902,3333,122,COMPLETED,,t,,2016-05-05 00:00:00+00,COLIN,,,,
101978,2016-05-05 00:00:00+00,changeOfDirectors,"{""filing"": {""header"": {""date"": ""2016-05-05"", ""name"": ""changeOfDirectors"", ""colinIds"": [102015581], ""historic"": true, ""effectiveDate"": ""2016-05-05"", ""availableOnPaperOnly"": true}, ""business"": {""status"": ""Active"", ""corpState"": ""ACT"", ""legalName"": ""MEADOW WALK HOUSING CO-OPERATIVE"", ""legalType"": ""CP"", ""identifier"": ""CP0001538"", ""lastArDate"": ""2019-01-31"", ""lastAgmDate"": ""2019-01-31"", ""foundingDate"": ""1986-10-31T00:00:00-00:00"", ""jurisdiction"": ""BC"", ""businessNumber"": null, ""lastLedgerTimestamp"": ""2019-02-08T00:00:00-00:00""}, ""changeOfDirectors"": {""annualReportDate"": null, ""annualGeneralMeetingDate"": null}}}",,128903,3333,122,COMPLETED,,t,,2016-05-05 00:00:00+00,COLIN,,,,
101979,2017-03-03 00:00:00+00,specialResolution,"{""filing"": {""header"": {""date"": ""2017-03-03"", ""name"": ""specialResolution"", ""colinIds"": [102065443], ""historic"": true, ""effectiveDate"": ""2017-03-03"", ""availableOnPaperOnly"": true}, ""business"": {""status"": ""Active"", ""corpState"": ""ACT"", ""legalName"": ""MEADOW WALK HOUSING CO-OPERATIVE"", ""legalType"": ""CP"", ""identifier"": ""CP0001538"", ""lastArDate"": ""2019-01-31"", ""lastAgmDate"": ""2019-01-31"", ""foundingDate"": ""1986-10-31T00:00:00-00:00"", ""jurisdiction"": ""BC"", ""businessNumber"": null, ""lastLedgerTimestamp"": ""2019-02-08T00:00:00-00:00""}, ""specialResolution"": {""annualReportDate"": null, ""annualGeneralMeetingDate"": null}}}",,128904,3333,122,COMPLETED,,t,,2017-03-03 00:00:00+00,COLIN,,,,
101980,2017-03-23 00:00:00+00,changeOfDirectors,"{""filing"": {""header"": {""date"": ""2017-03-23"", ""name"": ""changeOfDirectors"", ""colinIds"": [102015583], ""historic"": true, ""effectiveDate"": ""2017-03-23"", ""availableOnPaperOnly"": true}, ""business"": {""status"": ""Active"", ""corpState"": ""ACT"", ""legalName"": ""MEADOW WALK HOUSING CO-OPERATIVE"", ""legalType"": ""CP"", ""identifier"": ""CP0001538"", ""lastArDate"": ""2019-01-31"", ""lastAgmDate"": ""2019-01-31"", ""foundingDate"": ""1986-10-31T00:00:00-00:00"", ""jurisdiction"": ""BC"", ""businessNumber"": null, ""lastLedgerTimestamp"": ""2019-02-08T00:00:00-00:00""}, ""changeOfDirectors"": {""annualReportDate"": null, ""annualGeneralMeetingDate"": null}}}",,128905,3333,122,COMPLETED,,t,,2017-03-23 00:00:00+00,COLIN,,,,
101981,2017-03-23 00:00:00+00,annualReport,"{""filing"": {""header"": {""date"": ""2017-03-23"", ""name"": ""annualReport"", ""colinIds"": [102015584], ""historic"": true, ""effectiveDate"": ""2017-03-23"", ""availableOnPaperOnly"": true}, ""business"": {""status"": ""Active"", ""corpState"": ""ACT"", ""legalName"": ""MEADOW WALK HOUSING CO-OPERATIVE"", ""legalType"": ""CP"", ""identifier"": ""CP0001538"", ""lastArDate"": ""2019-01-31"", ""lastAgmDate"": ""2019-01-31"", ""foundingDate"": ""1986-10-31T00:00:00-00:00"", ""jurisdiction"": ""BC"", ""businessNumber"": null, ""lastLedgerTimestamp"": ""2019-02-08T00:00:00-00:00""}, ""annualReport"": {""annualReportDate"": ""2017-01-26"", ""annualGeneralMeetingDate"": null}}}",,128906,3333,122,COMPLETED,,t,,2017-03-23 00:00:00+00,COLIN,,,,
101982,2018-03-21 00:00:00+00,changeOfDirectors,"{""filing"": {""header"": {""date"": ""2018-03-21"", ""name"": ""changeOfDirectors"", ""colinIds"": [102015585], ""historic"": true, ""effectiveDate"": ""2018-03-21"", ""availableOnPaperOnly"": true}, ""business"": {""status"": ""Active"", ""corpState"": ""ACT"", ""legalName"": ""MEADOW WALK HOUSING CO-OPERATIVE"", ""legalType"": ""CP"", ""identifier"": ""CP0001538"", ""lastArDate"": ""2019-01-31"", ""lastAgmDate"": ""2019-01-31"", ""foundingDate"": ""1986-10-31T00:00:00-00:00"", ""jurisdiction"": ""BC"", ""businessNumber"": null, ""lastLedgerTimestamp"": ""2019-02-08T00:00:00-00:00""}, ""changeOfDirectors"": {""annualReportDate"": null, ""annualGeneralMeetingDate"": null}}}",,128907,3333,122,COMPLETED,,t,,2018-03-21 00:00:00+00,COLIN,,,,
101983,2018-03-21 00:00:00+00,annualReport,"{""filing"": {""header"": {""date"": ""2018-03-21"", ""name"": ""annualReport"", ""colinIds"": [102015586], ""historic"": true, ""effectiveDate"": ""2018-03-21"", ""availableOnPaperOnly"": true}, ""business"": {""status"": ""Active"", ""corpState"": ""ACT"", ""legalName"": ""MEADOW WALK HOUSING CO-OPERATIVE"", ""legalType"": ""CP"", ""identifier"": ""CP0001538"", ""lastArDate"": ""2019-01-31"", ""lastAgmDate"": ""2019-01-31"", ""foundingDate"": ""1986-10-31T00:00:00-00:00"", ""jurisdiction"": ""BC"", ""businessNumber"": null, ""lastLedgerTimestamp"": ""2019-02-08T00:00:00-00:00""}, ""annualReport"": {""annualReportDate"": ""2018-01-25"", ""annualGeneralMeetingDate"": null}}}",,128908,3333,122,COMPLETED,,t,,2018-03-21 00:00:00+00,COLIN,,,,
101984,2018-06-22 00:00:00+00,changeOfDirectors,"{""filing"": {""header"": {""date"": ""2018-06-22"", ""name"": ""changeOfDirectors"", ""colinIds"": [102015587], ""historic"": true, ""effectiveDate"": ""2018-06-22"", ""availableOnPaperOnly"": true}, ""business"": {""status"": ""Active"", ""corpState"": ""ACT"", ""legalName"": ""MEADOW WALK HOUSING CO-OPERATIVE"", ""legalType"": ""CP"", ""identifier"": ""CP0001538"", ""lastArDate"": ""2019-01-31"", ""lastAgmDate"": ""2019-01-31"", ""foundingDate"": ""1986-10-31T00:00:00-00:00"", ""jurisdiction"": ""BC"", ""businessNumber"": null, ""lastLedgerTimestamp"": ""2019-02-08T00:00:00-00:00""}, ""changeOfDirectors"": {""annualReportDate"": null, ""annualGeneralMeetingDate"": null}}}",,128909,3333,122,COMPLETED,,t,,2018-06-22 00:00:00+00,COLIN,,,,
101985,2018-09-06 00:00:00+00,changeOfDirectors,"{""filing"": {""header"": {""date"": ""2018-09-06"", ""name"": ""changeOfDirectors"", ""colinIds"": [102015588], ""historic"": true, ""effectiveDate"": ""2018-09-06"", ""availableOnPaperOnly"": true}, ""business"": {""status"": ""Active"", ""corpState"": ""ACT"", ""legalName"": ""MEADOW WALK HOUSING CO-OPERATIVE"", ""legalType"": ""CP"", ""identifier"": ""CP0001538"", ""lastArDate"": ""2019-01-31"", ""lastAgmDate"": ""2019-01-31"", ""foundingDate"": ""1986-10-31T00:00:00-00:00"", ""jurisdiction"": ""BC"", ""businessNumber"": null, ""lastLedgerTimestamp"": ""2019-02-08T00:00:00-00:00""}, ""changeOfDirectors"": {""annualReportDate"": null, ""annualGeneralMeetingDate"": null}}}",,128910,3333,122,COMPLETED,,t,,2018-09-06 00:00:00+00,COLIN,,,,
101986,2019-02-08 00:00:00+00,annualReport,"{""filing"": {""header"": {""date"": ""2019-02-08"", ""name"": ""annualReport"", ""colinIds"": [102015590], ""historic"": true, ""effectiveDate"": ""2019-02-08"", ""availableOnPaperOnly"": true}, ""business"": {""status"": ""Active"", ""corpState"": ""ACT"", ""legalName"": ""MEADOW WALK HOUSING CO-OPERATIVE"", ""legalType"": ""CP"", ""identifier"": ""CP0001538"", ""lastArDate"": ""2019-01-31"", ""lastAgmDate"": ""2019-01-31"", ""foundingDate"": ""1986-10-31T00:00:00-00:00"", ""jurisdiction"": ""BC"", ""businessNumber"": null, ""lastLedgerTimestamp"": ""2019-02-08T00:00:00-00:00""}, ""annualReport"": {""annualReportDate"": ""2019-01-31"", ""annualGeneralMeetingDate"": null}}}",,128911,3333,122,COMPLETED,,t,,2019-02-08 00:00:00+00,COLIN,,,,
101987,2019-02-08 00:00:00+00,changeOfDirectors,"{""filing"": {""header"": {""date"": ""2019-02-08"", ""name"": ""changeOfDirectors"", ""colinIds"": [102015589], ""historic"": true, ""effectiveDate"": ""2019-02-08"", ""availableOnPaperOnly"": true}, ""business"": {""status"": ""Active"", ""corpState"": ""ACT"", ""legalName"": ""MEADOW WALK HOUSING CO-OPERATIVE"", ""legalType"": ""CP"", ""identifier"": ""CP0001538"", ""lastArDate"": ""2019-01-31"", ""lastAgmDate"": ""2019-01-31"", ""foundingDate"": ""1986-10-31T00:00:00-00:00"", ""jurisdiction"": ""BC"", ""businessNumber"": null, ""lastLedgerTimestamp"": ""2019-02-08T00:00:00-00:00""}, ""changeOfDirectors"": {""annualReportDate"": null, ""annualGeneralMeetingDate"": null}}}",,128912,3333,122,COMPLETED,,t,,2019-02-08 00:00:00+00,COLIN,,,,
